tier,variant,conv_rate,n
casual,control,0.06390728476821192,3020
casual,treatment,0.12082092022509103,3021
regular,control,0.10315591144606688,2123
regular,treatment,0.18134715025906736,2123
power,control,0.17289719626168223,856
power,treatment,0.2928821470245041,857
