variant,n_users,conversions,conv_rate,median_ttc,rev_per_user
control,5999,560,0.09334889148191365,7.0,1.8079663277212872
treatment,6001,1001,0.16680553241126478,4.0,3.1793051158140315
